product,cover_type,age_min,age_max,tenure_months,rate_per_lakh
Unsecured Business Loan,Reducing,18,18,12,222.63
Unsecured Business Loan,Reducing,18,18,24,400.98
Unsecured Business Loan,Reducing,18,18,36,586.71
Unsecured Business Loan,Reducing,18,18,48,777.36
Unsecured Business Loan,Reducing,18,18,60,970.47
Unsecured Business Loan,Reducing,18,18,72,1167.27
Unsecured Business Loan,Reducing,18,18,84,1364.07
Unsecured Business Loan,Reducing,18,18,96,1562.1
Unsecured Business Loan,Reducing,18,18,108,1757.6699999999998
Unsecured Business Loan,Reducing,18,18,120,1952.0099999999998
Unsecured Business Loan,Reducing,20,20,12,232.46999999999997
Unsecured Business Loan,Reducing,20,20,24,418.2
Unsecured Business Loan,Reducing,20,20,36,608.85
Unsecured Business Loan,Reducing,20,20,48,801.96
Unsecured Business Loan,Reducing,20,20,60,997.5299999999999
Unsecured Business Loan,Reducing,20,20,72,1195.56
Unsecured Business Loan,Reducing,20,20,84,1392.36
Unsecured Business Loan,Reducing,20,20,96,1590.39
Unsecured Business Loan,Reducing,20,20,108,1787.19
Unsecured Business Loan,Reducing,20,20,120,1982.7599999999998
Unsecured Business Loan,Reducing,25,25,12,233.7
Unsecured Business Loan,Reducing,25,25,24,419.43
Unsecured Business Loan,Reducing,25,25,36,610.0799999999999
Unsecured Business Loan,Reducing,25,25,48,803.1899999999999
Unsecured Business Loan,Reducing,25,25,60,1001.22
Unsecured Business Loan,Reducing,25,25,72,1201.7099999999998
Unsecured Business Loan,Reducing,25,25,84,1404.6599999999999
Unsecured Business Loan,Reducing,25,25,96,1612.53
Unsecured Business Loan,Reducing,25,25,108,1821.6299999999999
Unsecured Business Loan,Reducing,25,25,120,2035.6499999999999
Unsecured Business Loan,Reducing,30,30,12,242.30999999999997
Unsecured Business Loan,Reducing,30,30,24,440.34
Unsecured Business Loan,Reducing,30,30,36,645.75
Unsecured Business Loan,Reducing,30,30,48,861.0
Unsecured Business Loan,Reducing,30,30,60,1083.6299999999999
Unsecured Business Loan,Reducing,30,30,72,1316.1
Unsecured Business Loan,Reducing,30,30,84,1557.1799999999998
Unsecured Business Loan,Reducing,30,30,96,1806.87
Unsecured Business Loan,Reducing,30,30,108,2066.3999999999996
Unsecured Business Loan,Reducing,30,30,120,2335.7699999999995
Unsecured Business Loan,Reducing,35,35,12,287.82
Unsecured Business Loan,Reducing,35,35,24,531.36
Unsecured Business Loan,Reducing,35,35,36,792.12
Unsecured Business Loan,Reducing,35,35,48,1067.64
Unsecured Business Loan,Reducing,35,35,60,1359.1499999999999
Unsecured Business Loan,Reducing,35,35,72,1667.8799999999999
Unsecured Business Loan,Reducing,35,35,84,1992.6
Unsecured Business Loan,Reducing,35,35,96,2335.7699999999995
Unsecured Business Loan,Reducing,35,35,108,2696.16
Unsecured Business Loan,Reducing,35,35,120,3076.23
Unsecured Business Loan,Reducing,40,40,12,382.53
Unsecured Business Loan,Reducing,40,40,24,722.01
Unsecured Business Loan,Reducing,40,40,36,1088.55
Unsecured Business Loan,Reducing,40,40,48,1482.1499999999999
Unsecured Business Loan,Reducing,40,40,60,1904.04
Unsecured Business Loan,Reducing,40,40,72,2356.68
Unsecured Business Loan,Reducing,40,40,84,2840.0699999999997
Unsecured Business Loan,Reducing,40,40,96,3357.8999999999996
Unsecured Business Loan,Reducing,40,40,108,3912.63
Unsecured Business Loan,Reducing,40,40,120,4505.49
Unsecured Business Loan,Reducing,45,45,12,559.65
Unsecured Business Loan,Reducing,45,45,24,1082.3999999999999
Unsecured Business Loan,Reducing,45,45,36,1654.35
Unsecured Business Loan,Reducing,45,45,48,2277.9599999999996
Unsecured Business Loan,Reducing,45,45,60,2956.9199999999996
Unsecured Business Loan,Reducing,45,45,72,3694.9199999999996
Unsecured Business Loan,Reducing,45,45,84,4495.65
Unsecured Business Loan,Reducing,45,45,96,5359.11
Unsecured Business Loan,Reducing,45,45,108,6287.76
Unsecured Business Loan,Reducing,45,45,120,7280.37
Unsecured Business Loan,Reducing,50,50,12,926.1899999999999
Unsecured Business Loan,Reducing,50,50,24,1820.3999999999999
Unsecured Business Loan,Reducing,50,50,36,2801.94
Unsecured Business Loan,Reducing,50,50,48,3872.04
Unsecured Business Loan,Reducing,50,50,60,5030.7
Unsecured Business Loan,Reducing,50,50,72,6274.23
Unsecured Business Loan,Reducing,50,50,84,7601.4
Unsecured Business Loan,Reducing,50,50,96,9004.829999999998
Unsecured Business Loan,Reducing,50,50,108,10478.37
Unsecured Business Loan,Reducing,50,50,120,12015.87
Unsecured Business Loan,Reducing,55,55,12,1531.35
Unsecured Business Loan,Reducing,55,55,24,3008.58
Unsecured Business Loan,Reducing,55,55,36,4594.05
Unsecured Business Loan,Reducing,55,55,48,6280.38
Unsecured Business Loan,Reducing,55,55,60,8061.419999999999
Unsecured Business Loan,Reducing,55,55,72,9928.56
Unsecured Business Loan,Reducing,55,55,84,11874.42
Unsecured Business Loan,Reducing,55,55,96,13890.39
Unsecured Business Loan,Reducing,55,55,108,15966.63
Unsecured Business Loan,Reducing,55,55,120,18096.99
Unsecured Business Loan,Reducing,60,60,12,2245.98
Unsecured Business Loan,Reducing,60,60,24,4394.789999999999
Unsecured Business Loan,Reducing,60,60,36,6664.139999999999
Unsecured Business Loan,Reducing,60,60,48,9044.189999999999
Unsecured Business Loan,Reducing,60,60,60,11530.02
Unsecured Business Loan,Reducing,60,60,72,14113.02
Unsecured Business Loan,Reducing,60,60,84,16787.04
Unsecured Business Loan,Reducing,60,60,96,19542.24
Unsecured Business Loan,Reducing,60,60,108,22371.24
Unsecured Business Loan,Reducing,60,60,120,25264.199999999997
Unsecured Business Loan,Reducing,65,65,12,3174.63
Unsecured Business Loan,Reducing,65,65,24,6217.65
Unsecured Business Loan,Reducing,65,65,36,9425.49
Unsecured Business Loan,Reducing,65,65,48,12788.31
Unsecured Business Loan,Reducing,65,65,60,16295.039999999999
Unsecured Business Loan,Reducing,65,65,72,19934.609999999997
Unsecured Business Loan,Reducing,65,65,84,23691.03
Unsecured Business Loan,Reducing,65,65,96,27545.85
Unsecured Business Loan,Reducing,65,65,108,31479.39
Unsecured Business Loan,Reducing,65,65,120,35468.28
Unsecured Business Loan,Level Cover,18,18,12,362.84999999999997
Unsecured Business Loan,Level Cover,18,18,24,681.42
Unsecured Business Loan,Level Cover,18,18,36,990.15
Unsecured Business Loan,Level Cover,18,18,48,1286.58
Unsecured Business Loan,Level Cover,18,18,60,1568.25
Unsecured Business Loan,Level Cover,18,18,72,1833.9299999999998
Unsecured Business Loan,Level Cover,18,18,84,2086.08
Unsecured Business Loan,Level Cover,18,18,96,2324.7
Unsecured Business Loan,Level Cover,18,18,108,2551.0199999999995
Unsecured Business Loan,Level Cover,18,18,120,2765.04
Unsecured Business Loan,Level Cover,20,20,12,380.07
Unsecured Business Loan,Level Cover,20,20,24,708.4799999999999
Unsecured Business Loan,Level Cover,20,20,36,1022.1299999999999
Unsecured Business Loan,Level Cover,20,20,48,1318.56
Unsecured Business Loan,Level Cover,20,20,60,1599.0
Unsecured Business Loan,Level Cover,20,20,72,1863.4499999999998
Unsecured Business Loan,Level Cover,20,20,84,2115.6
Unsecured Business Loan,Level Cover,20,20,96,2354.22
Unsecured Business Loan,Level Cover,20,20,108,2583.0
Unsecured Business Loan,Level Cover,20,20,120,2803.1699999999996
Unsecured Business Loan,Level Cover,25,25,12,382.53
Unsecured Business Loan,Level Cover,25,25,24,710.9399999999999
Unsecured Business Loan,Level Cover,25,25,36,1022.1299999999999
Unsecured Business Loan,Level Cover,25,25,48,1321.02
Unsecured Business Loan,Level Cover,25,25,60,1607.61
Unsecured Business Loan,Level Cover,25,25,72,1885.59
Unsecured Business Loan,Level Cover,25,25,84,2154.9599999999996
Unsecured Business Loan,Level Cover,25,25,96,2420.64
Unsecured Business Loan,Level Cover,25,25,108,2681.4
Unsecured Business Loan,Level Cover,25,25,120,2942.16
Unsecured Business Loan,Level Cover,30,30,12,398.52
Unsecured Business Loan,Level Cover,30,30,24,751.53
Unsecured Business Loan,Level Cover,30,30,36,1098.39
Unsecured Business Loan,Level Cover,30,30,48,1439.1
Unsecured Business Loan,Level Cover,30,30,60,1778.58
Unsecured Business Loan,Level Cover,30,30,72,2116.83
Unsecured Business Loan,Level Cover,30,30,84,2455.08
Unsecured Business Loan,Level Cover,30,30,96,2797.0199999999995
Unsecured Business Loan,Level Cover,30,30,108,3141.4199999999996
Unsecured Business Loan,Level Cover,30,30,120,3491.97
Unsecured Business Loan,Level Cover,35,35,12,477.23999999999995
Unsecured Business Loan,Level Cover,35,35,24,921.27
Unsecured Business Loan,Level Cover,35,35,36,1367.7599999999998
Unsecured Business Loan,Level Cover,35,35,48,1819.1699999999998
Unsecured Business Loan,Level Cover,35,35,60,2276.73
Unsecured Business Loan,Level Cover,35,35,72,2742.8999999999996
Unsecured Business Loan,Level Cover,35,35,84,3217.68
Unsecured Business Loan,Level Cover,35,35,96,3704.7599999999998
Unsecured Business Loan,Level Cover,35,35,108,4205.37
Unsecured Business Loan,Level Cover,35,35,120,4723.2
Unsecured Business Loan,Level Cover,40,40,12,645.75
Unsecured Business Loan,Level Cover,40,40,24,1269.36
Unsecured Business Loan,Level Cover,40,40,36,1907.7299999999998
Unsecured Business Loan,Level Cover,40,40,48,2565.78
Unsecured Business Loan,Level Cover,40,40,60,3243.5099999999998
Unsecured Business Loan,Level Cover,40,40,72,3947.0699999999997
Unsecured Business Loan,Level Cover,40,40,84,4680.15
Unsecured Business Loan,Level Cover,40,40,96,5448.9
Unsecured Business Loan,Level Cover,40,40,108,6255.78
Unsecured Business Loan,Level Cover,40,40,120,7105.71
Unsecured Business Loan,Level Cover,45,45,12,961.86
Unsecured Business Loan,Level Cover,45,45,24,1929.87
Unsecured Business Loan,Level Cover,45,45,36,2943.39
Unsecured Business Loan,Level Cover,45,45,48,4009.7999999999997
Unsecured Business Loan,Level Cover,45,45,60,5132.789999999999
Unsecured Business Loan,Level Cover,45,45,72,6316.049999999999
Unsecured Business Loan,Level Cover,45,45,84,7560.81
Unsecured Business Loan,Level Cover,45,45,96,8865.839999999998
Unsecured Business Loan,Level Cover,45,45,108,10226.22
Unsecured Business Loan,Level Cover,45,45,120,11634.57
Unsecured Business Loan,Level Cover,50,50,12,1612.53
Unsecured Business Loan,Level Cover,50,50,24,3276.72
Unsecured Business Loan,Level Cover,50,50,36,5023.32
Unsecured Business Loan,Level Cover,50,50,48,6846.179999999999
Unsecured Business Loan,Level Cover,50,50,60,8733.0
Unsecured Business Loan,Level Cover,50,50,72,10673.939999999999
Unsecured Business Loan,Level Cover,50,50,84,12654.24
Unsecured Business Loan,Level Cover,50,50,96,14659.14
Unsecured Business Loan,Level Cover,50,50,108,16676.34
Unsecured Business Loan,Level Cover,50,50,120,18693.54
Unsecured Business Loan,Level Cover,55,55,12,2685.09
Unsecured Business Loan,Level Cover,55,55,24,5400.93
Unsecured Business Loan,Level Cover,55,55,36,8153.669999999999
Unsecured Business Loan,Level Cover,55,55,48,10927.32
Unsecured Business Loan,Level Cover,55,55,60,13704.66
Unsecured Business Loan,Level Cover,55,55,72,16470.93
Unsecured Business Loan,Level Cover,55,55,84,19218.75
Unsecured Business Loan,Level Cover,55,55,96,21940.74
Unsecured Business Loan,Level Cover,55,55,108,24633.209999999995
Unsecured Business Loan,Level Cover,55,55,120,27293.699999999997
Unsecured Business Loan,Level Cover,60,60,12,3949.53
Unsecured Business Loan,Level Cover,60,60,24,7854.78
Unsecured Business Loan,Level Cover,60,60,36,11731.74
Unsecured Business Loan,Level Cover,60,60,48,15571.8
Unsecured Business Loan,Level Cover,60,60,60,19373.73
Unsecured Business Loan,Level Cover,60,60,72,23135.07
Unsecured Business Loan,Level Cover,60,60,84,26853.359999999997
Unsecured Business Loan,Level Cover,60,60,96,30529.829999999998
Unsecured Business Loan,Level Cover,60,60,108,34158.33
Unsecured Business Loan,Level Cover,60,60,120,37736.4
Unsecured Business Loan,Level Cover,65,65,12,5589.12
Unsecured Business Loan,Level Cover,65,65,24,11111.82
Unsecured Business Loan,Level Cover,65,65,36,16585.32
Unsecured Business Loan,Level Cover,65,65,48,22003.47
Unsecured Business Loan,Level Cover,65,65,60,27355.199999999997
Unsecured Business Loan,Level Cover,65,65,72,32629.44
Unsecured Business Loan,Level Cover,65,65,84,37811.43
Unsecured Business Loan,Level Cover,65,65,96,42881.49
Unsecured Business Loan,Level Cover,65,65,108,47816.25
Unsecured Business Loan,Level Cover,65,65,120,52591.10999999999
Personal Loan,Reducing,18,18,12,161.13
Personal Loan,Reducing,18,18,24,280.43999999999994
Personal Loan,Reducing,18,18,36,403.43999999999994
Personal Loan,Reducing,18,18,48,531.36
Personal Loan,Reducing,18,18,60,660.51
Personal Loan,Reducing,18,18,72,792.12
Personal Loan,Reducing,18,18,84,923.7299999999999
Personal Loan,Reducing,18,18,96,1056.57
Personal Loan,Reducing,18,18,108,1186.95
Personal Loan,Reducing,18,18,120,1317.33
Personal Loan,Reducing,20,20,12,167.28
Personal Loan,Reducing,20,20,24,291.51
Personal Loan,Reducing,20,20,36,418.2
Personal Loan,Reducing,20,20,48,547.35
Personal Loan,Reducing,20,20,60,678.96
Personal Loan,Reducing,20,20,72,810.57
Personal Loan,Reducing,20,20,84,942.18
Personal Loan,Reducing,20,20,96,1075.02
Personal Loan,Reducing,20,20,108,1206.6299999999999
Personal Loan,Reducing,20,20,120,1337.0099999999998
Personal Loan,Reducing,25,25,12,168.51
Personal Loan,Reducing,25,25,24,291.51
Personal Loan,Reducing,25,25,36,419.43
Personal Loan,Reducing,25,25,48,548.5799999999999
Personal Loan,Reducing,25,25,60,680.1899999999999
Personal Loan,Reducing,25,25,72,814.26
Personal Loan,Reducing,25,25,84,950.79
Personal Loan,Reducing,25,25,96,1088.55
Personal Loan,Reducing,25,25,108,1230.0
Personal Loan,Reducing,25,25,120,1372.6799999999998
Personal Loan,Reducing,30,30,12,173.43
Personal Loan,Reducing,30,30,24,305.03999999999996
Personal Loan,Reducing,30,30,36,442.79999999999995
Personal Loan,Reducing,30,30,48,585.4799999999999
Personal Loan,Reducing,30,30,60,734.31
Personal Loan,Reducing,30,30,72,889.29
Personal Loan,Reducing,30,30,84,1049.19
Personal Loan,Reducing,30,30,96,1216.47
Personal Loan,Reducing,30,30,108,1389.8999999999999
Personal Loan,Reducing,30,30,120,1569.4799999999998
Personal Loan,Reducing,35,35,12,202.95
Personal Loan,Reducing,35,35,24,364.08
Personal Loan,Reducing,35,35,36,536.28
Personal Loan,Reducing,35,35,48,719.55
Personal Loan,Reducing,35,35,60,912.66
Personal Loan,Reducing,35,35,72,1118.07
Personal Loan,Reducing,35,35,84,1333.32
Personal Loan,Reducing,35,35,96,1562.1
Personal Loan,Reducing,35,35,108,1801.9499999999998
Personal Loan,Reducing,35,35,120,2054.1
Personal Loan,Reducing,40,40,12,263.21999999999997
Personal Loan,Reducing,40,40,24,487.08
Personal Loan,Reducing,40,40,36,729.39
Personal Loan,Reducing,40,40,48,988.92
Personal Loan,Reducing,40,40,60,1268.1299999999999
Personal Loan,Reducing,40,40,72,1567.02
Personal Loan,Reducing,40,40,84,1888.05
Personal Loan,Reducing,40,40,96,2231.22
Personal Loan,Reducing,40,40,108,2598.99
Personal Loan,Reducing,40,40,120,2993.8199999999997
Personal Loan,Reducing,45,45,12,377.61
Personal Loan,Reducing,45,45,24,719.55
Personal Loan,Reducing,45,45,36,1094.7
Personal Loan,Reducing,45,45,48,1505.52
Personal Loan,Reducing,45,45,60,1953.24
Personal Loan,Reducing,45,45,72,2441.5499999999997
Personal Loan,Reducing,45,45,84,2972.91
Personal Loan,Reducing,45,45,96,3547.3199999999997
Personal Loan,Reducing,45,45,108,4167.24
Personal Loan,Reducing,45,45,120,4831.44
Personal Loan,Reducing,50,50,12,613.77
Personal Loan,Reducing,50,50,24,1198.02
Personal Loan,Reducing,50,50,36,1841.3099999999997
Personal Loan,Reducing,50,50,48,2544.87
Personal Loan,Reducing,50,50,60,3309.93
Personal Loan,Reducing,50,50,72,4136.49
Personal Loan,Reducing,50,50,84,5022.089999999999
Personal Loan,Reducing,50,50,96,5963.039999999999
Personal Loan,Reducing,50,50,108,6956.88
Personal Loan,Reducing,50,50,120,7998.69
Personal Loan,Reducing,55,55,12,1004.91
Personal Loan,Reducing,55,55,24,1968.0
Personal Loan,Reducing,55,55,36,3008.58
Personal Loan,Reducing,55,55,48,4122.96
Personal Loan,Reducing,55,55,60,5307.45
Personal Loan,Reducing,55,55,72,6557.13
Personal Loan,Reducing,55,55,84,7868.31
Personal Loan,Reducing,55,55,96,9237.3
Personal Loan,Reducing,55,55,108,10656.72
Personal Loan,Reducing,55,55,120,12125.339999999998
Personal Loan,Reducing,60,60,12,1467.39
Personal Loan,Reducing,60,60,24,2870.8199999999997
Personal Loan,Reducing,60,60,36,4365.2699999999995
Personal Loan,Reducing,60,60,48,5947.049999999999
Personal Loan,Reducing,60,60,60,7612.469999999999
Personal Loan,Reducing,60,60,72,9360.3
Personal Loan,Reducing,60,60,84,11186.849999999999
Personal Loan,Reducing,60,60,96,13087.199999999999
Personal Loan,Reducing,60,60,108,15060.12
Personal Loan,Reducing,60,60,120,17100.690000000002
Personal Loan,Reducing,65,65,12,2068.86
Personal Loan,Reducing,65,65,24,4062.69
Personal Loan,Reducing,65,65,36,6186.9
Personal Loan,Reducing,65,65,48,8441.49
Personal Loan,Reducing,65,65,60,10821.539999999999
Personal Loan,Reducing,65,65,72,13324.589999999998
Personal Loan,Reducing,65,65,84,15943.26
Personal Loan,Reducing,65,65,96,18672.629999999997
Personal Loan,Reducing,65,65,108,21501.629999999997
Personal Loan,Reducing,65,65,120,24420.42
Personal Loan,Level Cover,18,18,12,252.14999999999998
Personal Loan,Level Cover,18,18,24,463.71
Personal Loan,Level Cover,18,18,36,667.89
Personal Loan,Level Cover,18,18,48,863.4599999999999
Personal Loan,Level Cover,18,18,60,1047.9599999999998
Personal Loan,Level Cover,18,18,72,1047.9599999999998
Personal Loan,Level Cover,18,18,84,1391.1299999999999
Personal Loan,Level Cover,18,18,96,1547.34
Personal Loan,Level Cover,18,18,108,1697.3999999999999
Personal Loan,Level Cover,18,18,120,1838.85
Personal Loan,Level Cover,20,20,12,263.21999999999997
Personal Loan,Level Cover,20,20,24,480.93
Personal Loan,Level Cover,20,20,36,687.57
Personal Loan,Level Cover,20,20,48,883.14
Personal Loan,Level Cover,20,20,60,1068.87
Personal Loan,Level Cover,20,20,72,1068.87
Personal Loan,Level Cover,20,20,84,1409.58
Personal Loan,Level Cover,20,20,96,1567.02
Personal Loan,Level Cover,20,20,108,1718.3099999999997
Personal Loan,Level Cover,20,20,120,1863.4499999999998
Personal Loan,Level Cover,25,25,12,265.68
Personal Loan,Level Cover,25,25,24,482.16
Personal Loan,Level Cover,25,25,36,687.57
Personal Loan,Level Cover,25,25,48,885.5999999999999
Personal Loan,Level Cover,25,25,60,1073.79
Personal Loan,Level Cover,25,25,72,1073.79
Personal Loan,Level Cover,25,25,84,1435.4099999999999
Personal Loan,Level Cover,25,25,96,1610.07
Personal Loan,Level Cover,25,25,108,1782.27
Personal Loan,Level Cover,25,25,120,1953.24
Personal Loan,Level Cover,30,30,12,275.52
Personal Loan,Level Cover,30,30,24,507.98999999999995
Personal Loan,Level Cover,30,30,36,736.77
Personal Loan,Level Cover,30,30,48,961.86
Personal Loan,Level Cover,30,30,60,1184.49
Personal Loan,Level Cover,30,30,72,1184.49
Personal Loan,Level Cover,30,30,84,1629.75
Personal Loan,Level Cover,30,30,96,1853.61
Personal Loan,Level Cover,30,30,108,2079.93
Personal Loan,Level Cover,30,30,120,2309.94
Personal Loan,Level Cover,35,35,12,327.18
Personal Loan,Level Cover,35,35,24,617.46
Personal Loan,Level Cover,35,35,36,910.1999999999999
Personal Loan,Level Cover,35,35,48,1206.6299999999999
Personal Loan,Level Cover,35,35,60,1505.52
Personal Loan,Level Cover,35,35,72,1505.52
Personal Loan,Level Cover,35,35,84,2122.98
Personal Loan,Level Cover,35,35,96,2441.5499999999997
Personal Loan,Level Cover,35,35,108,2769.9599999999996
Personal Loan,Level Cover,35,35,120,3109.44
Personal Loan,Level Cover,40,40,12,434.18999999999994
Personal Loan,Level Cover,40,40,24,841.32
Personal Loan,Level Cover,40,40,36,1259.52
Personal Loan,Level Cover,40,40,48,1688.79
Personal Loan,Level Cover,40,40,60,2131.5899999999997
Personal Loan,Level Cover,40,40,72,2131.5899999999997
Personal Loan,Level Cover,40,40,84,3071.31
Personal Loan,Level Cover,40,40,96,3575.6099999999997
Personal Loan,Level Cover,40,40,108,4105.74
Personal Loan,Level Cover,40,40,120,4665.389999999999
Personal Loan,Level Cover,45,45,12,638.37
Personal Loan,Level Cover,45,45,24,1268.1299999999999
Personal Loan,Level Cover,45,45,36,1927.4099999999999
Personal Loan,Level Cover,45,45,48,2623.59
Personal Loan,Level Cover,45,45,60,3357.8999999999996
Personal Loan,Level Cover,45,45,72,3357.8999999999996
Personal Loan,Level Cover,45,45,84,4950.75
Personal Loan,Level Cover,45,45,96,5811.75
Personal Loan,Level Cover,45,45,108,6713.339999999999
Personal Loan,Level Cover,45,45,120,7650.599999999999
Personal Loan,Level Cover,50,50,12,1057.8
Personal Loan,Level Cover,50,50,24,2138.97
Personal Loan,Level Cover,50,50,36,3276.72
Personal Loan,Level Cover,50,50,48,4468.589999999999
Personal Loan,Level Cover,50,50,60,5709.66
Personal Loan,Level Cover,50,50,72,5709.66
Personal Loan,Level Cover,50,50,84,8307.42
Personal Loan,Level Cover,50,50,96,9649.35
Personal Loan,Level Cover,50,50,108,11008.5
Personal Loan,Level Cover,50,50,120,12379.949999999999
Personal Loan,Level Cover,55,55,12,1750.29
Personal Loan,Level Cover,55,55,24,3515.3399999999997
Personal Loan,Level Cover,55,55,36,5318.5199999999995
Personal Loan,Level Cover,55,55,48,7146.299999999999
Personal Loan,Level Cover,55,55,60,8990.07
Personal Loan,Level Cover,55,55,72,8990.07
Personal Loan,Level Cover,55,55,84,12699.75
Personal Loan,Level Cover,55,55,96,14557.05
Personal Loan,Level Cover,55,55,108,16413.12
Personal Loan,Level Cover,55,55,120,18270.42
Personal Loan,Level Cover,60,60,12,2568.24
Personal Loan,Level Cover,60,60,24,5115.57
Personal Loan,Level Cover,60,60,36,7669.049999999999
Personal Loan,Level Cover,60,60,48,10223.76
Personal Loan,Level Cover,60,60,60,12780.929999999998
Personal Loan,Level Cover,60,60,72,12780.929999999998
Personal Loan,Level Cover,60,60,84,17906.34
Personal Loan,Level Cover,60,60,96,20478.27
Personal Loan,Level Cover,60,60,108,23058.809999999998
Personal Loan,Level Cover,60,60,120,25646.73
Personal Loan,Level Cover,65,65,12,3630.9599999999996
Personal Loan,Level Cover,65,65,24,7252.08
Personal Loan,Level Cover,65,65,36,10889.189999999999
Personal Loan,Level Cover,65,65,48,14543.52
Personal Loan,Level Cover,65,65,60,18213.84
Personal Loan,Level Cover,65,65,72,18213.84
Personal Loan,Level Cover,65,65,84,25590.149999999998
Personal Loan,Level Cover,65,65,96,29283.84
Personal Loan,Level Cover,65,65,108,32967.689999999995
Personal Loan,Level Cover,65,65,120,36629.4
Secured Loan Business,Reducing,18,18,12,198.03
Secured Loan Business,Reducing,18,18,24,355.46999999999997
Secured Loan Business,Reducing,18,18,36,517.8299999999999
Secured Loan Business,Reducing,18,18,48,685.11
Secured Loan Business,Reducing,18,18,60,856.0799999999999
Secured Loan Business,Reducing,18,18,72,1028.28
Secured Loan Business,Reducing,18,18,84,1201.7099999999998
Secured Loan Business,Reducing,18,18,96,1375.14
Secured Loan Business,Reducing,18,18,108,1547.34
Secured Loan Business,Reducing,18,18,120,1718.3099999999997
Secured Loan Business,Reducing,20,20,12,206.64
Secured Loan Business,Reducing,20,20,24,370.23
Secured Loan Business,Reducing,20,20,36,537.51
Secured Loan Business,Reducing,20,20,48,708.4799999999999
Secured Loan Business,Reducing,20,20,60,880.68
Secured Loan Business,Reducing,20,20,72,1052.8799999999999
Secured Loan Business,Reducing,20,20,84,1227.54
Secured Loan Business,Reducing,20,20,96,1400.97
Secured Loan Business,Reducing,20,20,108,1573.17
Secured Loan Business,Reducing,20,20,120,1745.37
Secured Loan Business,Reducing,25,25,12,207.86999999999998
Secured Loan Business,Reducing,25,25,24,371.46
Secured Loan Business,Reducing,25,25,36,538.7399999999999
Secured Loan Business,Reducing,25,25,48,709.71
Secured Loan Business,Reducing,25,25,60,883.14
Secured Loan Business,Reducing,25,25,72,1059.03
Secured Loan Business,Reducing,25,25,84,1237.3799999999999
Secured Loan Business,Reducing,25,25,96,1419.42
Secured Loan Business,Reducing,25,25,108,1605.1499999999999
Secured Loan Business,Reducing,25,25,120,1792.11
Secured Loan Business,Reducing,30,30,12,216.48
Secured Loan Business,Reducing,30,30,24,389.91
Secured Loan Business,Reducing,30,30,36,570.72
Secured Loan Business,Reducing,30,30,48,760.14
Secured Loan Business,Reducing,30,30,60,955.7099999999999
Secured Loan Business,Reducing,30,30,72,1159.89
Secured Loan Business,Reducing,30,30,84,1371.4499999999998
Secured Loan Business,Reducing,30,30,96,1591.62
Secured Loan Business,Reducing,30,30,108,1820.3999999999999
Secured Loan Business,Reducing,30,30,120,2057.79
Secured Loan Business,Reducing,35,35,12,255.84
Secured Loan Business,Reducing,35,35,24,471.09
Secured Loan Business,Reducing,35,35,36,698.64
Secured Loan Business,Reducing,35,35,48,942.18
Secured Loan Business,Reducing,35,35,60,1198.02
Secured Loan Business,Reducing,35,35,72,1469.85
Secured Loan Business,Reducing,35,35,84,1756.44
Secured Loan Business,Reducing,35,35,96,2059.02
Secured Loan Business,Reducing,35,35,108,2376.3599999999997
Secured Loan Business,Reducing,35,35,120,2710.9199999999996
Secured Loan Business,Reducing,40,40,12,339.48
Secured Loan Business,Reducing,40,40,24,638.37
Secured Loan Business,Reducing,40,40,36,961.86
Secured Loan Business,Reducing,40,40,48,1307.49
Secured Loan Business,Reducing,40,40,60,1680.1799999999998
Secured Loan Business,Reducing,40,40,72,2078.7
Secured Loan Business,Reducing,40,40,84,2505.5099999999998
Secured Loan Business,Reducing,40,40,96,2961.84
Secured Loan Business,Reducing,40,40,108,3451.38
Secured Loan Business,Reducing,40,40,120,3975.3599999999997
Secured Loan Business,Reducing,45,45,12,495.68999999999994
Secured Loan Business,Reducing,45,45,24,955.7099999999999
Secured Loan Business,Reducing,45,45,36,1460.0099999999998
Secured Loan Business,Reducing,45,45,48,2009.82
Secured Loan Business,Reducing,45,45,60,2608.83
Secured Loan Business,Reducing,45,45,72,3260.73
Secured Loan Business,Reducing,45,45,84,3967.98
Secured Loan Business,Reducing,45,45,96,4733.039999999999
Secured Loan Business,Reducing,45,45,108,5554.68
Secured Loan Business,Reducing,45,45,120,6434.13
Secured Loan Business,Reducing,50,50,12,817.9499999999999
Secured Loan Business,Reducing,50,50,24,1607.61
Secured Loan Business,Reducing,50,50,36,2473.53
Secured Loan Business,Reducing,50,50,48,3418.1699999999996
Secured Loan Business,Reducing,50,50,60,4442.76
Secured Loan Business,Reducing,50,50,72,5543.61
Secured Loan Business,Reducing,50,50,84,6719.489999999999
Secured Loan Business,Reducing,50,50,96,7966.71
Secured Loan Business,Reducing,50,50,108,9277.89
Secured Loan Business,Reducing,50,50,120,10646.88
Secured Loan Business,Reducing,55,55,12,1351.77
Secured Loan Business,Reducing,55,55,24,2655.5699999999997
Secured Loan Business,Reducing,55,55,36,4056.54
Secured Loan Business,Reducing,55,55,48,5549.76
Secured Loan Business,Reducing,55,55,60,7129.08
Secured Loan Business,Reducing,55,55,72,8787.12
Secured Loan Business,Reducing,55,55,84,10520.189999999999
Secured Loan Business,Reducing,55,55,96,12318.449999999999
Secured Loan Business,Reducing,55,55,108,14175.75
Secured Loan Business,Reducing,55,55,120,16085.939999999999
Secured Loan Business,Reducing,60,60,12,1982.7599999999998
Secured Loan Business,Reducing,60,60,24,3880.6499999999996
Secured Loan Business,Reducing,60,60,36,5889.24
Secured Loan Business,Reducing,60,60,48,8001.15
Secured Loan Business,Reducing,60,60,60,10212.689999999999
Secured Loan Business,Reducing,60,60,72,12516.479999999998
Secured Loan Business,Reducing,60,60,84,14907.599999999999
Secured Loan Business,Reducing,60,60,96,17379.899999999998
Secured Loan Business,Reducing,60,60,108,19927.23
Secured Loan Business,Reducing,60,60,120,22542.21
Secured Loan Business,Reducing,65,65,12,2801.94
Secured Loan Business,Reducing,65,65,24,5494.41
Secured Loan Business,Reducing,65,65,36,8340.63
Secured Loan Business,Reducing,65,65,48,11333.22
Secured Loan Business,Reducing,65,65,60,14466.029999999999
Secured Loan Business,Reducing,65,65,72,17730.45
Secured Loan Business,Reducing,65,65,84,21114.179999999997
Secured Loan Business,Reducing,65,65,96,24603.69
Secured Loan Business,Reducing,65,65,108,28182.99
Secured Loan Business,Reducing,65,65,120,31832.399999999998
Secured Loan Business,Level Cover,18,18,12,322.26
Secured Loan Business,Level Cover,18,18,24,603.93
Secured Loan Business,Level Cover,18,18,36,875.76
Secured Loan Business,Level Cover,18,18,48,1136.52
Secured Loan Business,Level Cover,18,18,60,1384.9799999999998
Secured Loan Business,Level Cover,18,18,72,1619.9099999999999
Secured Loan Business,Level Cover,18,18,84,1841.3099999999997
Secured Loan Business,Level Cover,18,18,96,2050.41
Secured Loan Business,Level Cover,18,18,108,2249.6699999999996
Secured Loan Business,Level Cover,18,18,120,2439.09
Secured Loan Business,Level Cover,20,20,12,338.25
Secured Loan Business,Level Cover,20,20,24,628.53
Secured Loan Business,Level Cover,20,20,36,904.05
Secured Loan Business,Level Cover,20,20,48,1164.81
Secured Loan Business,Level Cover,20,20,60,1412.04
Secured Loan Business,Level Cover,20,20,72,1645.74
Secured Loan Business,Level Cover,20,20,84,1867.14
Secured Loan Business,Level Cover,20,20,96,2077.47
Secured Loan Business,Level Cover,20,20,108,2277.9599999999996
Secured Loan Business,Level Cover,20,20,120,2472.2999999999997
Secured Loan Business,Level Cover,25,25,12,339.48
Secured Loan Business,Level Cover,25,25,24,629.76
Secured Loan Business,Level Cover,25,25,36,904.05
Secured Loan Business,Level Cover,25,25,48,1167.27
Secured Loan Business,Level Cover,25,25,60,1419.42
Secured Loan Business,Level Cover,25,25,72,1664.19
Secured Loan Business,Level Cover,25,25,84,1902.8099999999997
Secured Loan Business,Level Cover,25,25,96,2135.28
Secured Loan Business,Level Cover,25,25,108,2366.5199999999995
Secured Loan Business,Level Cover,25,25,120,2595.2999999999997
Secured Loan Business,Level Cover,30,30,12,354.23999999999995
Secured Loan Business,Level Cover,30,30,24,665.43
Secured Loan Business,Level Cover,30,30,36,970.47
Secured Loan Business,Level Cover,30,30,48,1271.82
Secured Loan Business,Level Cover,30,30,60,1570.7099999999998
Secured Loan Business,Level Cover,30,30,72,1868.37
Secured Loan Business,Level Cover,30,30,84,2167.2599999999998
Secured Loan Business,Level Cover,30,30,96,2467.38
Secured Loan Business,Level Cover,30,30,108,2772.4199999999996
Secured Loan Business,Level Cover,30,30,120,3081.1499999999996
Secured Loan Business,Level Cover,35,35,12,424.34999999999997
Secured Loan Business,Level Cover,35,35,24,814.26
Secured Loan Business,Level Cover,35,35,36,1207.86
Secured Loan Business,Level Cover,35,35,48,1606.3799999999999
Secured Loan Business,Level Cover,35,35,60,2009.82
Secured Loan Business,Level Cover,35,35,72,2420.64
Secured Loan Business,Level Cover,35,35,84,2840.0699999999997
Secured Loan Business,Level Cover,35,35,96,3270.5699999999997
Secured Loan Business,Level Cover,35,35,108,3712.14
Secured Loan Business,Level Cover,35,35,120,4169.7
Secured Loan Business,Level Cover,40,40,12,571.9499999999999
Secured Loan Business,Level Cover,40,40,24,1121.7599999999998
Secured Loan Business,Level Cover,40,40,36,1685.1
Secured Loan Business,Level Cover,40,40,48,2264.4300000000003
Secured Loan Business,Level Cover,40,40,60,2863.44
Secured Loan Business,Level Cover,40,40,72,3484.5899999999997
Secured Loan Business,Level Cover,40,40,84,4132.799999999999
Secured Loan Business,Level Cover,40,40,96,4811.76
Secured Loan Business,Level Cover,40,40,108,5526.389999999999
Secured Loan Business,Level Cover,40,40,120,6279.15
Secured Loan Business,Level Cover,45,45,12,849.93
Secured Loan Business,Level Cover,45,45,24,1703.55
Secured Loan Business,Level Cover,45,45,36,2598.99
Secured Loan Business,Level Cover,45,45,48,3539.94
Secured Loan Business,Level Cover,45,45,60,4532.55
Secured Loan Business,Level Cover,45,45,72,5580.51
Secured Loan Business,Level Cover,45,45,84,6683.82
Secured Loan Business,Level Cover,45,45,96,7841.25
Secured Loan Business,Level Cover,45,45,108,9049.11
Secured Loan Business,Level Cover,45,45,120,10302.48
Secured Loan Business,Level Cover,50,50,12,1424.34
Secured Loan Business,Level Cover,50,50,24,2892.9599999999996
Secured Loan Business,Level Cover,50,50,36,4436.610000000001
Secured Loan Business,Level Cover,50,50,48,6049.139999999999
Secured Loan Business,Level Cover,50,50,60,7721.94
Secured Loan Business,Level Cover,50,50,72,9445.17
Secured Loan Business,Level Cover,50,50,84,11206.529999999999
Secured Loan Business,Level Cover,50,50,96,12994.949999999999
Secured Loan Business,Level Cover,50,50,108,14799.359999999999
Secured Loan Business,Level Cover,50,50,120,16607.46
Secured Loan Business,Level Cover,55,55,12,2370.2099999999996
Secured Loan Business,Level Cover,55,55,24,4769.94
Secured Loan Business,Level Cover,55,55,36,7207.799999999999
Secured Loan Business,Level Cover,55,55,48,9669.029999999999
Secured Loan Business,Level Cover,55,55,60,12140.099999999999
Secured Loan Business,Level Cover,55,55,72,14608.71
Secured Loan Business,Level Cover,55,55,84,17068.71
Secured Loan Business,Level Cover,55,55,96,19512.72
Secured Loan Business,Level Cover,55,55,108,21938.28
Secured Loan Business,Level Cover,55,55,120,24345.39
Secured Loan Business,Level Cover,60,60,12,3487.0499999999997
Secured Loan Business,Level Cover,60,60,24,6942.12
Secured Loan Business,Level Cover,60,60,36,10382.429999999998
Secured Loan Business,Level Cover,60,60,48,13801.829999999998
Secured Loan Business,Level Cover,60,60,60,17200.32
Secured Loan Business,Level Cover,60,60,72,20575.44
Secured Loan Business,Level Cover,60,60,84,23928.42
Secured Loan Business,Level Cover,60,60,96,27256.8
Secured Loan Business,Level Cover,60,60,108,30561.809999999998
Secured Loan Business,Level Cover,60,60,120,33838.53
Secured Loan Business,Level Cover,65,65,12,4934.76
Secured Loan Business,Level Cover,65,65,24,9830.16
Secured Loan Business,Level Cover,65,65,36,14703.42
Secured Loan Business,Level Cover,65,65,48,19550.85
Secured Loan Business,Level Cover,65,65,60,24367.53
Secured Loan Business,Level Cover,65,65,72,29142.39
Secured Loan Business,Level Cover,65,65,84,33865.59
Secured Loan Business,Level Cover,65,65,96,38519.909999999996
Secured Loan Business,Level Cover,65,65,108,43088.13
Secured Loan Business,Level Cover,65,65,120,47548.10999999999
Micro Loan,Reducing,18,35,12,257.07
Micro Loan,Reducing,18,35,24,450.18
Micro Loan,Reducing,18,35,36,646.9799999999999
Micro Loan,Reducing,36,40,12,356.7
Micro Loan,Reducing,36,40,24,653.1299999999999
Micro Loan,Reducing,36,40,36,966.7799999999999
Micro Loan,Reducing,41,45,12,488.31
Micro Loan,Reducing,41,45,24,918.81
Micro Loan,Reducing,41,45,36,1380.06
Micro Loan,Reducing,46,50,12,755.22
Micro Loan,Reducing,46,50,24,1456.32
Micro Loan,Reducing,46,50,36,2217.69
Micro Loan,Reducing,51,55,12,1259.52
Micro Loan,Reducing,51,55,24,2451.39
Micro Loan,Reducing,51,55,36,3728.13
Micro Loan,Reducing,56,60,12,1922.49
Micro Loan,Reducing,56,60,24,3729.3599999999997
Micro Loan,Reducing,56,60,36,5626.0199999999995
Micro Loan,Reducing,61,65,12,2701.08
Micro Loan,Reducing,61,65,24,5244.719999999999
Micro Loan,Reducing,61,65,36,7897.83
Micro Loan,Level Cover,18,35,12,403.43999999999994
Micro Loan,Level Cover,18,35,24,741.6899999999999
Micro Loan,Level Cover,18,35,36,1066.4099999999999
Micro Loan,Level Cover,36,40,12,581.79
Micro Loan,Level Cover,36,40,24,1121.7599999999998
Micro Loan,Level Cover,36,40,36,1670.34
Micro Loan,Level Cover,41,45,12,819.18
Micro Loan,Level Cover,41,45,24,1613.7599999999998
Micro Loan,Level Cover,41,45,36,2437.8599999999997
Micro Loan,Level Cover,46,50,12,1295.19
Micro Loan,Level Cover,46,50,24,2611.29
Micro Loan,Level Cover,46,50,36,3998.73
Micro Loan,Level Cover,51,55,12,2195.5499999999997
Micro Loan,Level Cover,51,55,24,4426.7699999999995
Micro Loan,Level Cover,51,55,36,6723.18
Micro Loan,Level Cover,56,60,12,3375.1199999999994
Micro Loan,Level Cover,56,60,24,6719.489999999999
Micro Loan,Level Cover,56,60,36,10057.71
Micro Loan,Level Cover,61,65,12,4761.33
Micro Loan,Level Cover,61,65,24,9448.86
Micro Loan,Level Cover,61,65,36,14098.26
Loan Against Property,Reducing,18,18,12,193.10999999999999
Loan Against Property,Reducing,18,18,24,345.63
Loan Against Property,Reducing,18,18,36,503.06999999999994
Loan Against Property,Reducing,18,18,48,666.66
Loan Against Property,Reducing,18,18,60,831.4799999999999
Loan Against Property,Reducing,18,18,72,999.9899999999999
Loan Against Property,Reducing,18,18,84,1168.5
Loan Against Property,Reducing,18,18,96,1335.78
Loan Against Property,Reducing,18,18,108,1503.06
Loan Against Property,Reducing,18,18,120,1669.11
Loan Against Property,Reducing,20,20,12,201.71999999999997
Loan Against Property,Reducing,20,20,24,360.39
Loan Against Property,Reducing,20,20,36,522.75
Loan Against Property,Reducing,20,20,48,687.57
Loan Against Property,Reducing,20,20,60,854.8499999999999
Loan Against Property,Reducing,20,20,72,1023.36
Loan Against Property,Reducing,20,20,84,1191.87
Loan Against Property,Reducing,20,20,96,1360.3799999999999
Loan Against Property,Reducing,20,20,108,1528.89
Loan Against Property,Reducing,20,20,120,1696.17
Loan Against Property,Reducing,25,25,12,202.95
Loan Against Property,Reducing,25,25,24,361.61999999999995
Loan Against Property,Reducing,25,25,36,523.9799999999999
Loan Against Property,Reducing,25,25,48,688.8
Loan Against Property,Reducing,25,25,60,857.31
Loan Against Property,Reducing,25,25,72,1028.28
Loan Against Property,Reducing,25,25,84,1202.94
Loan Against Property,Reducing,25,25,96,1380.06
Loan Against Property,Reducing,25,25,108,1559.64
Loan Against Property,Reducing,25,25,120,1741.6799999999998
Loan Against Property,Reducing,30,30,12,210.33
Loan Against Property,Reducing,30,30,24,378.84
Loan Against Property,Reducing,30,30,36,554.7299999999999
Loan Against Property,Reducing,30,30,48,738.0
Loan Against Property,Reducing,30,30,60,928.65
Loan Against Property,Reducing,30,30,72,1126.6799999999998
Loan Against Property,Reducing,30,30,84,1333.32
Loan Against Property,Reducing,30,30,96,1547.34
Loan Against Property,Reducing,30,30,108,1768.74
Loan Against Property,Reducing,30,30,120,1999.9799999999998
Loan Against Property,Reducing,35,35,12,248.45999999999998
Loan Against Property,Reducing,35,35,24,457.56
Loan Against Property,Reducing,35,35,36,680.1899999999999
Loan Against Property,Reducing,35,35,48,915.12
Loan Against Property,Reducing,35,35,60,1164.81
Loan Against Property,Reducing,35,35,72,1429.2599999999998
Loan Against Property,Reducing,35,35,84,1707.24
Loan Against Property,Reducing,35,35,96,2001.2099999999998
Loan Against Property,Reducing,35,35,108,2309.94
Loan Against Property,Reducing,35,35,120,2635.89
Loan Against Property,Reducing,40,40,12,329.64
Loan Against Property,Reducing,40,40,24,621.15
Loan Against Property,Reducing,40,40,36,934.8
Loan Against Property,Reducing,40,40,48,1271.82
Loan Against Property,Reducing,40,40,60,1633.44
Loan Against Property,Reducing,40,40,72,2020.89
Loan Against Property,Reducing,40,40,84,2435.4
Loan Against Property,Reducing,40,40,96,2880.66
Loan Against Property,Reducing,40,40,108,3356.6699999999996
Loan Against Property,Reducing,40,40,120,3867.1199999999994
Loan Against Property,Reducing,45,45,12,482.16
Loan Against Property,Reducing,45,45,24,929.8799999999999
Loan Against Property,Reducing,45,45,36,1419.42
Loan Against Property,Reducing,45,45,48,1954.47
Loan Against Property,Reducing,45,45,60,2537.49
Loan Against Property,Reducing,45,45,72,3172.1699999999996
Loan Against Property,Reducing,45,45,84,3860.97
Loan Against Property,Reducing,45,45,96,4605.12
Loan Against Property,Reducing,45,45,108,5405.849999999999
Loan Against Property,Reducing,45,45,120,6261.93
Loan Against Property,Reducing,50,50,12,795.81
Loan Against Property,Reducing,50,50,24,1563.33
Loan Against Property,Reducing,50,50,36,2405.88
Loan Against Property,Reducing,50,50,48,3325.9199999999996
Loan Against Property,Reducing,50,50,60,4323.45
Loan Against Property,Reducing,50,50,72,5396.01
Loan Against Property,Reducing,50,50,84,6541.139999999999
Loan Against Property,Reducing,50,50,96,7756.38
Loan Against Property,Reducing,50,50,108,9034.35
Loan Against Property,Reducing,50,50,120,10368.9
Loan Against Property,Reducing,55,55,12,1316.1
Loan Against Property,Reducing,55,55,24,2584.23
Loan Against Property,Reducing,55,55,36,3948.2999999999997
Loan Against Property,Reducing,55,55,48,5402.16
Loan Against Property,Reducing,55,55,60,6939.66
Loan Against Property,Reducing,55,55,72,8557.11
Loan Against Property,Reducing,55,55,84,10244.67
Loan Against Property,Reducing,55,55,96,11998.65
Loan Against Property,Reducing,55,55,108,13811.67
Loan Against Property,Reducing,55,55,120,15676.349999999999
Loan Against Property,Reducing,60,60,12,1928.64
Loan Against Property,Reducing,60,60,24,3777.33
Loan Against Property,Reducing,60,60,36,5733.03
Loan Against Property,Reducing,60,60,48,7790.82
Loan Against Property,Reducing,60,60,60,9945.779999999999
Loan Against Property,Reducing,60,60,72,12192.99
Loan Against Property,Reducing,60,60,84,14526.3
Loan Against Property,Reducing,60,60,96,16940.79
Loan Against Property,Reducing,60,60,108,19429.079999999998
Loan Against Property,Reducing,60,60,120,21986.25
Loan Against Property,Reducing,65,65,12,2726.91
Loan Against Property,Reducing,65,65,24,5348.039999999999
Loan Against Property,Reducing,65,65,36,8121.69
Loan Against Property,Reducing,65,65,48,11039.25
Loan Against Property,Reducing,65,65,60,14095.8
Loan Against Property,Reducing,65,65,72,17282.73
Loan Against Property,Reducing,65,65,84,20590.2
Loan Against Property,Reducing,65,65,96,24003.449999999997
Loan Against Property,Reducing,65,65,108,27507.719999999998
Loan Against Property,Reducing,65,65,120,31085.79
Loan Against Property,Level Cover,18,18,12,313.65
Loan Against Property,Level Cover,18,18,24,587.9399999999999
Loan Against Property,Level Cover,18,18,36,852.39
Loan Against Property,Level Cover,18,18,48,1105.77
Loan Against Property,Level Cover,18,18,60,1346.85
Loan Against Property,Level Cover,18,18,72,1574.3999999999999
Loan Against Property,Level Cover,18,18,84,1790.8799999999999
Loan Against Property,Level Cover,18,18,96,1993.83
Loan Against Property,Level Cover,18,18,108,2188.1699999999996
Loan Against Property,Level Cover,18,18,120,2371.44
Loan Against Property,Level Cover,20,20,12,328.41
Loan Against Property,Level Cover,20,20,24,611.31
Loan Against Property,Level Cover,20,20,36,879.4499999999999
Loan Against Property,Level Cover,20,20,48,1132.83
Loan Against Property,Level Cover,20,20,60,1372.6799999999998
Loan Against Property,Level Cover,20,20,72,1600.2299999999998
Loan Against Property,Level Cover,20,20,84,1815.4799999999998
Loan Against Property,Level Cover,20,20,96,2019.6599999999999
Loan Against Property,Level Cover,20,20,108,2215.23
Loan Against Property,Level Cover,20,20,120,2403.4199999999996
Loan Against Property,Level Cover,25,25,12,330.86999999999995
Loan Against Property,Level Cover,25,25,24,612.54
Loan Against Property,Level Cover,25,25,36,879.4499999999999
Loan Against Property,Level Cover,25,25,48,1135.29
Loan Against Property,Level Cover,25,25,60,1381.29
Loan Against Property,Level Cover,25,25,72,1618.6799999999998
Loan Against Property,Level Cover,25,25,84,1849.9199999999998
Loan Against Property,Level Cover,25,25,96,2076.24
Loan Against Property,Level Cover,25,25,108,2300.1
Loan Against Property,Level Cover,25,25,120,2522.73
Loan Against Property,Level Cover,30,30,12,344.4
Loan Against Property,Level Cover,30,30,24,646.9799999999999
Loan Against Property,Level Cover,30,30,36,944.64
Loan Against Property,Level Cover,30,30,48,1237.3799999999999
Loan Against Property,Level Cover,30,30,60,1527.6599999999999
Loan Against Property,Level Cover,30,30,72,1816.7099999999998
Loan Against Property,Level Cover,30,30,84,2106.99
Loan Against Property,Level Cover,30,30,96,2399.73
Loan Against Property,Level Cover,30,30,108,2696.16
Loan Against Property,Level Cover,30,30,120,2996.28
Loan Against Property,Level Cover,35,35,12,412.04999999999995
Loan Against Property,Level Cover,35,35,24,793.3499999999999
Loan Against Property,Level Cover,35,35,36,1175.8799999999999
Loan Against Property,Level Cover,35,35,48,1562.1
Loan Against Property,Level Cover,35,35,60,1955.6999999999998
Loan Against Property,Level Cover,35,35,72,2355.45
Loan Against Property,Level Cover,35,35,84,2762.58
Loan Against Property,Level Cover,35,35,96,3180.78
Loan Against Property,Level Cover,35,35,108,3611.28
Loan Against Property,Level Cover,35,35,120,4055.3099999999995
Loan Against Property,Level Cover,40,40,12,557.1899999999999
Loan Against Property,Level Cover,40,40,24,1091.0099999999998
Loan Against Property,Level Cover,40,40,36,1639.59
Loan Against Property,Level Cover,40,40,48,2204.16
Loan Against Property,Level Cover,40,40,60,2785.95
Loan Against Property,Level Cover,40,40,72,3391.1099999999997
Loan Against Property,Level Cover,40,40,84,4020.8699999999994
Loan Against Property,Level Cover,40,40,96,4682.610000000001
Loan Against Property,Level Cover,40,40,108,5377.56
Loan Against Property,Level Cover,40,40,120,6110.639999999999
Loan Against Property,Level Cover,45,45,12,827.79
Loan Against Property,Level Cover,45,45,24,1658.04
Loan Against Property,Level Cover,45,45,36,2528.88
Loan Against Property,Level Cover,45,45,48,3445.23
Loan Against Property,Level Cover,45,45,60,4410.78
Loan Against Property,Level Cover,45,45,72,5430.45
Loan Against Property,Level Cover,45,45,84,6505.469999999999
Loan Against Property,Level Cover,45,45,96,7633.38
Loan Against Property,Level Cover,45,45,108,8810.49
Loan Against Property,Level Cover,45,45,120,10031.88
Loan Against Property,Level Cover,50,50,12,1386.2099999999998
Loan Against Property,Level Cover,50,50,24,2815.47
Loan Against Property,Level Cover,50,50,36,4318.53
Loan Against Property,Level Cover,50,50,48,5888.01
Loan Against Property,Level Cover,50,50,60,7517.76
Loan Against Property,Level Cover,50,50,72,9196.71
Loan Against Property,Level Cover,50,50,84,10913.789999999999
Loan Against Property,Level Cover,50,50,96,12657.929999999998
Loan Against Property,Level Cover,50,50,108,14418.06
Loan Against Property,Level Cover,50,50,120,16184.339999999998
Loan Against Property,Level Cover,55,55,12,2307.48
Loan Against Property,Level Cover,55,55,24,4642.0199999999995
Loan Against Property,Level Cover,55,55,36,7017.15
Loan Against Property,Level Cover,55,55,48,9415.65
Loan Against Property,Level Cover,55,55,60,11823.99
Loan Against Property,Level Cover,55,55,72,14232.329999999998
Loan Against Property,Level Cover,55,55,84,16632.059999999998
Loan Against Property,Level Cover,55,55,96,19019.49
Loan Against Property,Level Cover,55,55,108,21390.929999999997
Loan Against Property,Level Cover,55,55,120,23745.149999999998
Loan Against Property,Level Cover,60,60,12,3393.5699999999997
Loan Against Property,Level Cover,60,60,24,6757.62
Loan Against Property,Level Cover,60,60,36,10110.6
Loan Against Property,Level Cover,60,60,48,13445.13
Loan Against Property,Level Cover,60,60,60,16759.98
Loan Against Property,Level Cover,60,60,72,20056.379999999997
Loan Against Property,Level Cover,60,60,84,23333.1
Loan Against Property,Level Cover,60,60,96,26590.14
Loan Against Property,Level Cover,60,60,108,29826.27
Loan Against Property,Level Cover,60,60,120,33040.26
Loan Against Property,Level Cover,65,65,12,4803.15
Loan Against Property,Level Cover,65,65,24,9571.86
Loan Against Property,Level Cover,65,65,36,14323.349999999999
Loan Against Property,Level Cover,65,65,48,19055.159999999996
Loan Against Property,Level Cover,65,65,60,23759.909999999996
Loan Against Property,Level Cover,65,65,72,28431.449999999997
Loan Against Property,Level Cover,65,65,84,33057.479999999996
Loan Against Property,Level Cover,65,65,96,37624.469999999994
Loan Against Property,Level Cover,65,65,108,42112.74
Loan Against Property,Level Cover,65,65,120,46503.84
Home Loan,Reducing,18,18,60,621.15
Home Loan,Reducing,18,18,72,738.0
Home Loan,Reducing,18,18,84,852.39
Home Loan,Reducing,18,18,96,966.7799999999999
Home Loan,Reducing,18,18,108,1078.7099999999998
Home Loan,Reducing,18,18,120,1189.4099999999999
Home Loan,Reducing,18,18,132,1298.8799999999999
Home Loan,Reducing,18,18,144,1407.12
Home Loan,Reducing,18,18,156,1514.1299999999999
Home Loan,Reducing,18,18,168,1619.9099999999999
Home Loan,Reducing,18,18,180,1724.4599999999998
Home Loan,Reducing,18,18,192,1829.0099999999998
Home Loan,Reducing,18,18,204,1932.33
Home Loan,Reducing,18,18,216,2035.6499999999999
Home Loan,Reducing,18,18,228,2140.2
Home Loan,Reducing,18,18,240,2243.5199999999995
Home Loan,Reducing,18,18,252,2348.0699999999997
Home Loan,Reducing,18,18,264,2453.85
Home Loan,Reducing,18,18,276,2559.63
Home Loan,Reducing,18,18,288,2667.87
Home Loan,Reducing,18,18,300,2777.34
Home Loan,Reducing,20,20,60,639.6
Home Loan,Reducing,20,20,72,755.22
Home Loan,Reducing,20,20,84,870.8399999999999
Home Loan,Reducing,20,20,96,985.2299999999999
Home Loan,Reducing,20,20,108,1097.1599999999999
Home Loan,Reducing,20,20,120,1209.09
Home Loan,Reducing,20,20,132,1319.79
Home Loan,Reducing,20,20,144,1429.2599999999998
Home Loan,Reducing,20,20,156,1538.7299999999998
Home Loan,Reducing,20,20,168,1648.1999999999998
Home Loan,Reducing,20,20,180,1756.44
Home Loan,Reducing,20,20,192,1865.9099999999999
Home Loan,Reducing,20,20,204,1975.3799999999999
Home Loan,Reducing,20,20,216,2084.85
Home Loan,Reducing,20,20,228,2195.5499999999997
Home Loan,Reducing,20,20,240,2308.7099999999996
Home Loan,Reducing,20,20,252,2421.87
Home Loan,Reducing,20,20,264,2537.49
Home Loan,Reducing,20,20,276,2655.5699999999997
Home Loan,Reducing,20,20,288,2774.88
Home Loan,Reducing,20,20,300,2897.88
Home Loan,Reducing,25,25,60,640.8299999999999
Home Loan,Reducing,25,25,72,758.91
Home Loan,Reducing,25,25,84,878.22
Home Loan,Reducing,25,25,96,997.5299999999999
Home Loan,Reducing,25,25,108,1116.8400000000001
Home Loan,Reducing,25,25,120,1237.3799999999999
Home Loan,Reducing,25,25,132,1360.3799999999999
Home Loan,Reducing,25,25,144,1484.61
Home Loan,Reducing,25,25,156,1610.07
Home Loan,Reducing,25,25,168,1737.99
Home Loan,Reducing,25,25,180,1868.37
Home Loan,Reducing,25,25,192,2001.2099999999998
Home Loan,Reducing,25,25,204,2137.74
Home Loan,Reducing,25,25,216,2277.9599999999996
Home Loan,Reducing,25,25,228,2421.87
Home Loan,Reducing,25,25,240,2569.47
Home Loan,Reducing,25,25,252,2721.99
Home Loan,Reducing,25,25,264,2880.66
Home Loan,Reducing,25,25,276,3044.25
Home Loan,Reducing,25,25,288,3213.99
Home Loan,Reducing,25,25,300,3392.34
Home Loan,Reducing,30,30,60,691.26
Home Loan,Reducing,30,30,72,827.79
Home Loan,Reducing,30,30,84,968.01
Home Loan,Reducing,30,30,96,1110.69
Home Loan,Reducing,30,30,108,1258.29
Home Loan,Reducing,30,30,120,1409.58
Home Loan,Reducing,30,30,132,1564.5599999999997
Home Loan,Reducing,30,30,144,1725.69
Home Loan,Reducing,30,30,156,1891.74
Home Loan,Reducing,30,30,168,2062.71
Home Loan,Reducing,30,30,180,2241.06
Home Loan,Reducing,30,30,192,2424.33
Home Loan,Reducing,30,30,204,2616.2099999999996
Home Loan,Reducing,30,30,216,2816.7
Home Loan,Reducing,30,30,228,3025.7999999999997
Home Loan,Reducing,30,30,240,3244.74
Home Loan,Reducing,30,30,252,3475.98
Home Loan,Reducing,30,30,264,3718.29
Home Loan,Reducing,30,30,276,3972.8999999999996
Home Loan,Reducing,30,30,288,4242.2699999999995
Home Loan,Reducing,30,30,300,4525.169999999999
Home Loan,Reducing,35,35,60,862.2299999999999
Home Loan,Reducing,35,35,72,1043.04
Home Loan,Reducing,35,35,84,1231.2299999999998
Home Loan,Reducing,35,35,96,1426.8
Home Loan,Reducing,35,35,108,1629.75
Home Loan,Reducing,35,35,120,1842.54
Home Loan,Reducing,35,35,132,2063.94
Home Loan,Reducing,35,35,144,2296.41
Home Loan,Reducing,35,35,156,2539.95
Home Loan,Reducing,35,35,168,2795.79
Home Loan,Reducing,35,35,180,3065.16
Home Loan,Reducing,35,35,192,3350.5199999999995
Home Loan,Reducing,35,35,204,3651.8699999999994
Home Loan,Reducing,35,35,216,3969.2099999999996
Home Loan,Reducing,35,35,228,4306.23
Home Loan,Reducing,35,35,240,4661.7
Home Loan,Reducing,35,35,252,5035.62
Home Loan,Reducing,35,35,264,5427.99
Home Loan,Reducing,35,35,276,5838.81
Home Loan,Reducing,35,35,288,6265.62
Home Loan,Reducing,35,35,300,6710.88
Home Loan,Reducing,40,40,60,1200.4799999999998
Home Loan,Reducing,40,40,72,1466.1599999999999
Home Loan,Reducing,40,40,84,1745.37
Home Loan,Reducing,40,40,96,2039.34
Home Loan,Reducing,40,40,108,2351.7599999999998
Home Loan,Reducing,40,40,120,2682.63
Home Loan,Reducing,40,40,132,3033.18
Home Loan,Reducing,40,40,144,3407.1
Home Loan,Reducing,40,40,156,3803.16
Home Loan,Reducing,40,40,168,4223.82
Home Loan,Reducing,40,40,180,4667.849999999999
Home Loan,Reducing,40,40,192,5137.71
Home Loan,Reducing,40,40,204,5630.94
Home Loan,Reducing,40,40,216,6148.7699999999995
Home Loan,Reducing,40,40,228,6688.739999999999
Home Loan,Reducing,40,40,240,7249.62
Home Loan,Reducing,40,40,252,7830.179999999999
Home Loan,Reducing,40,40,264,8427.96
Home Loan,Reducing,40,40,276,9041.73
Home Loan,Reducing,40,40,288,9671.49
Home Loan,Reducing,40,40,300,10313.55
Home Loan,Reducing,45,45,60,1854.84
Home Loan,Reducing,45,45,72,2287.7999999999997
Home Loan,Reducing,45,45,84,2750.28
Home Loan,Reducing,45,45,96,3243.5099999999998
Home Loan,Reducing,45,45,108,3767.49
Home Loan,Reducing,45,45,120,4324.68
Home Loan,Reducing,45,45,132,4912.62
Home Loan,Reducing,45,45,144,5532.539999999999
Home Loan,Reducing,45,45,156,6183.21
Home Loan,Reducing,45,45,168,6862.169999999999
Home Loan,Reducing,45,45,180,7566.96
Home Loan,Reducing,45,45,192,8296.349999999999
Home Loan,Reducing,45,45,204,9049.11
Home Loan,Reducing,45,45,216,9822.779999999999
Home Loan,Reducing,45,45,228,10616.13
Home Loan,Reducing,45,45,240,11425.47
Home Loan,Reducing,45,45,252,12252.029999999999
Home Loan,Reducing,45,45,264,13093.349999999999
Home Loan,Reducing,45,45,276,13949.429999999998
Home Loan,Reducing,45,45,288,14819.039999999999
Home Loan,Reducing,45,45,300,15700.949999999999
Home Loan,Reducing,50,50,60,3152.49
Home Loan,Reducing,50,50,72,3886.7999999999997
Home Loan,Reducing,50,50,84,4660.469999999999
Home Loan,Reducing,50,50,96,5471.039999999999
Home Loan,Reducing,50,50,108,6317.28
Home Loan,Reducing,50,50,120,7196.73
Home Loan,Reducing,50,50,132,8106.929999999999
Home Loan,Reducing,50,50,144,9045.42
Home Loan,Reducing,50,50,156,10009.74
Home Loan,Reducing,50,50,168,10998.66
Home Loan,Reducing,50,50,180,12010.949999999999
Home Loan,Reducing,50,50,192,13044.15
Home Loan,Reducing,50,50,204,14098.26
Home Loan,Reducing,50,50,216,15170.82
Home Loan,Reducing,50,50,228,16263.06
Home Loan,Reducing,50,50,240,17373.75
Home Loan,Reducing,50,50,252,18501.659999999996
Home Loan,Reducing,50,50,264,19645.559999999998
Home Loan,Reducing,50,50,276,20805.45
Home Loan,Reducing,50,50,288,21980.1
Home Loan,Reducing,50,50,300,23167.05
Home Loan,Reducing,55,55,60,5072.5199999999995
Home Loan,Reducing,55,55,72,6186.9
Home Loan,Reducing,55,55,84,7338.179999999999
Home Loan,Reducing,55,55,96,8522.67
Home Loan,Reducing,55,55,108,9739.14
Home Loan,Reducing,55,55,120,10986.36
Home Loan,Reducing,55,55,132,12263.099999999999
Home Loan,Reducing,55,55,144,13569.36
Home Loan,Reducing,55,55,156,14902.679999999998
Home Loan,Reducing,55,55,168,16264.289999999999
Home Loan,Reducing,55,55,180,17654.190000000002
Home Loan,Reducing,55,55,192,19069.92
Home Loan,Reducing,55,55,204,20511.48
Home Loan,Reducing,55,55,216,21976.409999999996
Home Loan,Reducing,55,55,228,23464.71
Home Loan,Reducing,55,55,240,24973.92
Home Loan,Reducing,55,55,252,26499.12
Home Loan,Reducing,55,55,264,28039.079999999998
Home Loan,Reducing,55,55,276,29587.649999999998
Home Loan,Reducing,55,55,288,31142.37
Home Loan,Reducing,55,55,300,32694.629999999997
Home Loan,Reducing,60,60,60,7288.98
Home Loan,Reducing,60,60,72,8848.62
Home Loan,Reducing,60,60,84,10452.539999999999
Home Loan,Reducing,60,60,96,12098.279999999999
Home Loan,Reducing,60,60,108,13788.3
Home Loan,Reducing,60,60,120,15521.37
Home Loan,Reducing,60,60,132,17295.03
Home Loan,Reducing,60,60,144,19110.51
Home Loan,Reducing,60,60,156,20965.35
Home Loan,Reducing,60,60,168,22857.09
Home Loan,Reducing,60,60,180,24782.04
Home Loan,Reducing,60,60,192,26736.51
Home Loan,Reducing,60,60,204,28716.809999999998
Home Loan,Reducing,60,60,216,30715.559999999998
Home Loan,Reducing,60,60,228,32725.379999999997
Home Loan,Reducing,60,60,240,34741.35
Home Loan,Reducing,60,60,252,36753.630000000005
Home Loan,Reducing,60,60,264,0.0
Home Loan,Reducing,60,60,276,0.0
Home Loan,Reducing,60,60,288,0.0
Home Loan,Reducing,60,60,300,0.0
Home Loan,Reducing,65,65,60,10360.289999999999
Home Loan,Reducing,65,65,72,12592.74
Home Loan,Reducing,65,65,84,14889.15
Home Loan,Reducing,65,65,96,17249.52
Home Loan,Reducing,65,65,108,19668.929999999997
Home Loan,Reducing,65,65,120,22142.46
Home Loan,Reducing,65,65,132,24666.42
Home Loan,Reducing,65,65,144,27232.199999999997
Home Loan,Reducing,65,65,156,29832.42
Home Loan,Reducing,65,65,168,32458.469999999998
Home Loan,Reducing,65,65,180,35098.049999999996
Home Loan,Reducing,65,65,192,37740.09
Home Loan,Reducing,65,65,204,0.0
Home Loan,Reducing,65,65,216,0.0
Home Loan,Reducing,65,65,228,0.0
Home Loan,Reducing,65,65,240,0.0
Home Loan,Reducing,65,65,252,0.0
Home Loan,Reducing,65,65,264,0.0
Home Loan,Reducing,65,65,276,0.0
Home Loan,Reducing,65,65,288,0.0
Home Loan,Reducing,65,65,300,0.0
Home Loan,Level Cover,18,18,60,1067.64
Home Loan,Level Cover,18,18,72,1247.22
Home Loan,Level Cover,18,18,84,1416.9599999999998
Home Loan,Level Cover,18,18,96,1576.86
Home Loan,Level Cover,18,18,108,1729.3799999999999
Home Loan,Level Cover,18,18,120,1873.29
Home Loan,Level Cover,18,18,132,2012.2799999999997
Home Loan,Level Cover,18,18,144,2145.12
Home Loan,Level Cover,18,18,156,2273.04
Home Loan,Level Cover,18,18,168,2398.5
Home Loan,Level Cover,18,18,180,2522.73
Home Loan,Level Cover,18,18,192,2643.2699999999995
Home Loan,Level Cover,18,18,204,2765.04
Home Loan,Level Cover,18,18,216,2885.58
Home Loan,Level Cover,18,18,228,3006.12
Home Loan,Level Cover,18,18,240,3129.1199999999994
Home Loan,Level Cover,18,18,252,3252.1199999999994
Home Loan,Level Cover,18,18,264,3378.81
Home Loan,Level Cover,18,18,276,3506.73
Home Loan,Level Cover,18,18,288,3638.3399999999997
Home Loan,Level Cover,18,18,300,3773.64
Home Loan,Level Cover,20,20,60,1088.55
Home Loan,Level Cover,20,20,72,1266.8999999999999
Home Loan,Level Cover,20,20,84,1436.64
Home Loan,Level Cover,20,20,96,1597.77
Home Loan,Level Cover,20,20,108,1751.52
Home Loan,Level Cover,20,20,120,1899.12
Home Loan,Level Cover,20,20,132,2041.8
Home Loan,Level Cover,20,20,144,2180.79
Home Loan,Level Cover,20,20,156,2317.3199999999997
Home Loan,Level Cover,20,20,168,2452.62
Home Loan,Level Cover,20,20,180,2586.69
Home Loan,Level Cover,20,20,192,2720.7599999999998
Home Loan,Level Cover,20,20,204,2856.06
Home Loan,Level Cover,20,20,216,2991.3599999999997
Home Loan,Level Cover,20,20,228,3127.89
Home Loan,Level Cover,20,20,240,3268.1099999999997
Home Loan,Level Cover,20,20,252,3410.79
Home Loan,Level Cover,20,20,264,3555.93
Home Loan,Level Cover,20,20,276,3705.99
Home Loan,Level Cover,20,20,288,3859.74
Home Loan,Level Cover,20,20,300,4019.64
Home Loan,Level Cover,25,25,60,1094.7
Home Loan,Level Cover,25,25,72,1281.6599999999999
Home Loan,Level Cover,25,25,84,1463.6999999999998
Home Loan,Level Cover,25,25,96,1642.05
Home Loan,Level Cover,25,25,108,1817.94
Home Loan,Level Cover,25,25,120,1992.6
Home Loan,Level Cover,25,25,132,2166.03
Home Loan,Level Cover,25,25,144,2340.69
Home Loan,Level Cover,25,25,156,2516.58
Home Loan,Level Cover,25,25,168,2694.93
Home Loan,Level Cover,25,25,180,2876.97
Home Loan,Level Cover,25,25,192,3061.47
Home Loan,Level Cover,25,25,204,3249.66
Home Loan,Level Cover,25,25,216,3442.7699999999995
Home Loan,Level Cover,25,25,228,3643.2599999999998
Home Loan,Level Cover,25,25,240,3848.6699999999996
Home Loan,Level Cover,25,25,252,4063.9199999999996
Home Loan,Level Cover,25,25,264,4287.78
Home Loan,Level Cover,25,25,276,4523.94
Home Loan,Level Cover,25,25,288,4772.4
Home Loan,Level Cover,25,25,300,5035.62
Home Loan,Level Cover,30,30,60,1209.09
Home Loan,Level Cover,30,30,72,1436.64
Home Loan,Level Cover,30,30,84,1664.19
Home Loan,Level Cover,30,30,96,1894.1999999999998
Home Loan,Level Cover,30,30,108,2126.6699999999996
Home Loan,Level Cover,30,30,120,2361.6
Home Loan,Level Cover,30,30,132,2601.45
Home Loan,Level Cover,30,30,144,2847.45
Home Loan,Level Cover,30,30,156,3098.3699999999994
Home Loan,Level Cover,30,30,168,3357.8999999999996
Home Loan,Level Cover,30,30,180,3626.04
Home Loan,Level Cover,30,30,192,3904.0199999999995
Home Loan,Level Cover,30,30,204,4194.299999999999
Home Loan,Level Cover,30,30,216,4500.57
Home Loan,Level Cover,30,30,228,4821.599999999999
Home Loan,Level Cover,30,30,240,5162.31
Home Loan,Level Cover,30,30,252,5522.7
Home Loan,Level Cover,30,30,264,5902.7699999999995
Home Loan,Level Cover,30,30,276,6302.5199999999995
Home Loan,Level Cover,30,30,288,6721.95
Home Loan,Level Cover,30,30,300,7158.599999999999
Home Loan,Level Cover,35,35,60,1542.42
Home Loan,Level Cover,35,35,72,1856.07
Home Loan,Level Cover,35,35,84,2175.87
Home Loan,Level Cover,35,35,96,2504.28
Home Loan,Level Cover,35,35,108,2841.2999999999997
Home Loan,Level Cover,35,35,120,3190.6199999999994
Home Loan,Level Cover,35,35,132,3553.47
Home Loan,Level Cover,35,35,144,3931.08
Home Loan,Level Cover,35,35,156,4328.37
Home Loan,Level Cover,35,35,168,4746.57
Home Loan,Level Cover,35,35,180,5189.37
Home Loan,Level Cover,35,35,192,5656.7699999999995
Home Loan,Level Cover,35,35,204,6150.0
Home Loan,Level Cover,35,35,216,6669.06
Home Loan,Level Cover,35,35,228,7212.719999999999
Home Loan,Level Cover,35,35,240,7778.5199999999995
Home Loan,Level Cover,35,35,252,8364.0
Home Loan,Level Cover,35,35,264,8964.24
Home Loan,Level Cover,35,35,276,9576.779999999999
Home Loan,Level Cover,35,35,288,10196.699999999999
Home Loan,Level Cover,35,35,300,10821.539999999999
Home Loan,Level Cover,40,40,60,2190.63
Home Loan,Level Cover,40,40,72,2664.18
Home Loan,Level Cover,40,40,84,3159.8699999999994
Home Loan,Level Cover,40,40,96,3678.93
Home Loan,Level Cover,40,40,108,4225.049999999999
Home Loan,Level Cover,40,40,120,4801.919999999999
Home Loan,Level Cover,40,40,132,5412.0
Home Loan,Level Cover,40,40,144,6055.289999999999
Home Loan,Level Cover,40,40,156,6733.0199999999995
Home Loan,Level Cover,40,40,168,7441.5
Home Loan,Level Cover,40,40,180,8178.2699999999995
Home Loan,Level Cover,40,40,192,8940.87
Home Loan,Level Cover,40,40,204,9723.15
Home Loan,Level Cover,40,40,216,10520.189999999999
Home Loan,Level Cover,40,40,228,11327.07
Home Loan,Level Cover,40,40,240,12141.329999999998
Home Loan,Level Cover,40,40,252,12958.05
Home Loan,Level Cover,40,40,264,13776.0
Home Loan,Level Cover,40,40,276,14592.72
Home Loan,Level Cover,40,40,288,15409.439999999999
Home Loan,Level Cover,40,40,300,16224.929999999998
Home Loan,Level Cover,45,45,60,3461.22
Home Loan,Level Cover,45,45,72,4261.95
Home Loan,Level Cover,45,45,84,5106.96
Home Loan,Level Cover,45,45,96,5995.0199999999995
Home Loan,Level Cover,45,45,108,6926.13
Home Loan,Level Cover,45,45,120,7892.91
Home Loan,Level Cover,45,45,132,8892.9
Home Loan,Level Cover,45,45,144,9918.72
Home Loan,Level Cover,45,45,156,10964.22
Home Loan,Level Cover,45,45,168,12023.25
Home Loan,Level Cover,45,45,180,13089.66
Home Loan,Level Cover,45,45,192,14159.76
Home Loan,Level Cover,45,45,204,15232.32
Home Loan,Level Cover,45,45,216,16303.65
Home Loan,Level Cover,45,45,228,17373.75
Home Loan,Level Cover,45,45,240,18442.62
Home Loan,Level Cover,45,45,252,19510.26
Home Loan,Level Cover,45,45,264,20577.899999999998
Home Loan,Level Cover,45,45,276,21646.77
Home Loan,Level Cover,45,45,288,22718.1
Home Loan,Level Cover,45,45,300,23788.199999999997
Home Loan,Level Cover,50,50,60,5897.849999999999
Home Loan,Level Cover,50,50,72,7222.56
Home Loan,Level Cover,50,50,84,8581.71
Home Loan,Level Cover,50,50,96,9966.689999999999
Home Loan,Level Cover,50,50,108,11370.12
Home Loan,Level Cover,50,50,120,12784.62
Home Loan,Level Cover,50,50,132,14204.039999999999
Home Loan,Level Cover,50,50,144,15624.689999999999
Home Loan,Level Cover,50,50,156,17044.109999999997
Home Loan,Level Cover,50,50,168,18462.3
Home Loan,Level Cover,50,50,180,19879.26
Home Loan,Level Cover,50,50,192,21294.99
Home Loan,Level Cover,50,50,204,22710.72
Home Loan,Level Cover,50,50,216,24127.679999999997
Home Loan,Level Cover,50,50,228,25545.87
Home Loan,Level Cover,50,50,240,26965.29
Home Loan,Level Cover,50,50,252,28385.94
Home Loan,Level Cover,50,50,264,29804.129999999997
Home Loan,Level Cover,50,50,276,31218.629999999997
Home Loan,Level Cover,50,50,288,32624.52
Home Loan,Level Cover,50,50,300,34015.649999999994
Home Loan,Level Cover,55,55,60,9293.88
Home Loan,Level Cover,55,55,72,11207.76
Home Loan,Level Cover,55,55,84,13124.099999999999
Home Loan,Level Cover,55,55,96,15040.439999999999
Home Loan,Level Cover,55,55,108,16955.55
Home Loan,Level Cover,55,55,120,18868.2
Home Loan,Level Cover,55,55,132,20779.62
Home Loan,Level Cover,55,55,144,22692.27
Home Loan,Level Cover,55,55,156,24606.149999999998
Home Loan,Level Cover,55,55,168,26523.72
Home Loan,Level Cover,55,55,180,28442.52
Home Loan,Level Cover,55,55,192,30362.55
Home Loan,Level Cover,55,55,204,32281.35
Home Loan,Level Cover,55,55,216,34194.0
Home Loan,Level Cover,55,55,228,36095.58
Home Loan,Level Cover,55,55,240,37979.94
Home Loan,Level Cover,55,55,252,39837.24
Home Loan,Level Cover,55,55,264,41660.1
Home Loan,Level Cover,55,55,276,43438.68
Home Loan,Level Cover,55,55,288,45161.909999999996
Home Loan,Level Cover,55,55,300,46817.49
Home Loan,Level Cover,60,60,60,13215.12
Home Loan,Level Cover,60,60,72,15857.16
Home Loan,Level Cover,60,60,84,18502.89
Home Loan,Level Cover,60,60,96,21153.54
Home Loan,Level Cover,60,60,108,23809.109999999997
Home Loan,Level Cover,60,60,120,26469.6
Home Loan,Level Cover,60,60,132,29132.55
Home Loan,Level Cover,60,60,144,31795.5
Home Loan,Level Cover,60,60,156,34451.06999999999
Home Loan,Level Cover,60,60,168,37094.34
Home Loan,Level Cover,60,60,180,39713.009999999995
Home Loan,Level Cover,60,60,192,42297.24
Home Loan,Level Cover,60,60,204,44835.96
Home Loan,Level Cover,60,60,216,47311.95
Home Loan,Level Cover,60,60,228,49714.14
Home Loan,Level Cover,60,60,240,52024.08
Home Loan,Level Cover,60,60,252,54227.009999999995
Home Loan,Level Cover,60,60,264,0.0
Home Loan,Level Cover,60,60,276,0.0
Home Loan,Level Cover,60,60,288,0.0
Home Loan,Level Cover,60,60,300,0.0
Home Loan,Level Cover,65,65,60,18827.609999999997
Home Loan,Level Cover,65,65,72,22625.85
Home Loan,Level Cover,65,65,84,26426.55
Home Loan,Level Cover,65,65,96,30222.329999999998
Home Loan,Level Cover,65,65,108,34003.35
Home Loan,Level Cover,65,65,120,37754.85
Home Loan,Level Cover,65,65,132,41460.84
Home Loan,Level Cover,65,65,144,45104.1
Home Loan,Level Cover,65,65,156,48664.95
Home Loan,Level Cover,65,65,168,52120.02
Home Loan,Level Cover,65,65,180,55448.399999999994
Home Loan,Level Cover,65,65,192,58626.719999999994
Home Loan,Level Cover,65,65,204,0.0
Home Loan,Level Cover,65,65,216,0.0
Home Loan,Level Cover,65,65,228,0.0
Home Loan,Level Cover,65,65,240,0.0
Home Loan,Level Cover,65,65,252,0.0
Home Loan,Level Cover,65,65,264,0.0
Home Loan,Level Cover,65,65,276,0.0
Home Loan,Level Cover,65,65,288,0.0
Home Loan,Level Cover,65,65,300,0.0
